-- MySQL dump 10.13  Distrib 5.7.17, for Win64 (x86_64)
--
-- Host: bk-prod-us1.cd2junihlkms.us-east-1.rds.amazonaws.com    Database: backands147541991xjafnxbf
-- ------------------------------------------------------
-- Server version	5.7.19-log

/*!40101 SET @OLD_CHARACTER_SET_CLIENT=@@CHARACTER_SET_CLIENT */;
/*!40101 SET @OLD_CHARACTER_SET_RESULTS=@@CHARACTER_SET_RESULTS */;
/*!40101 SET @OLD_COLLATION_CONNECTION=@@COLLATION_CONNECTION */;
/*!40101 SET NAMES utf8 */;
/*!40103 SET @OLD_TIME_ZONE=@@TIME_ZONE */;
/*!40103 SET TIME_ZONE='+00:00' */;
/*!40014 SET @OLD_UNIQUE_CHECKS=@@UNIQUE_CHECKS, UNIQUE_CHECKS=0 */;
/*!40014 SET @OLD_FOREIGN_KEY_CHECKS=@@FOREIGN_KEY_CHECKS, FOREIGN_KEY_CHECKS=0 */;
/*!40101 SET @OLD_SQL_MODE=@@SQL_MODE, SQL_MODE='NO_AUTO_VALUE_ON_ZERO' */;
/*!40111 SET @OLD_SQL_NOTES=@@SQL_NOTES, SQL_NOTES=0 */;

--
-- Table structure for table `clients`
--

DROP TABLE IF EXISTS `clients`;
/*!40101 SET @saved_cs_client     = @@character_set_client */;
/*!40101 SET character_set_client = utf8 */;
CREATE TABLE `clients` (
  `id` int(11) NOT NULL AUTO_INCREMENT,
  `name` varchar(255) NOT NULL,
  PRIMARY KEY (`id`)
) ENGINE=InnoDB AUTO_INCREMENT=14 DEFAULT CHARSET=utf8;
/*!40101 SET character_set_client = @saved_cs_client */;

--
-- Dumping data for table `clients`
--

LOCK TABLES `clients` WRITE;
/*!40000 ALTER TABLE `clients` DISABLE KEYS */;
INSERT INTO `clients` VALUES (1,'Targ'),(2,'Ania Zatwarnicka'),(3,'Alina'),(4,'Gośka'),(5,'Kaśka'),(6,'Hanka'),(7,'Wojtasik'),(8,'Chudy'),(9,'Michał'),(10,'Baśka'),(11,'Romek'),(12,'Prezent'),(13,'Inny');
/*!40000 ALTER TABLE `clients` ENABLE KEYS */;
UNLOCK TABLES;

--
-- Table structure for table `costs`
--

DROP TABLE IF EXISTS `costs`;
/*!40101 SET @saved_cs_client     = @@character_set_client */;
/*!40101 SET character_set_client = utf8 */;
CREATE TABLE `costs` (
  `id` int(11) NOT NULL AUTO_INCREMENT,
  `description` varchar(255) DEFAULT NULL,
  `price` decimal(18,8) DEFAULT NULL,
  `when` datetime DEFAULT NULL,
  PRIMARY KEY (`id`)
) ENGINE=InnoDB AUTO_INCREMENT=96 DEFAULT CHARSET=utf8;
/*!40101 SET character_set_client = @saved_cs_client */;

--
-- Dumping data for table `costs`
--

LOCK TABLES `costs` WRITE;
/*!40000 ALTER TABLE `costs` DISABLE KEYS */;
INSERT INTO `costs` VALUES (15,'Wedzarnia',130.00000000,'2017-02-28 23:00:00'),(16,'Mleko dla kozek',38.00000000,'2017-02-28 23:00:00'),(17,'Filtry',50.00000000,'2017-03-02 23:00:00'),(18,'Owiec 600 kg',300.00000000,'2017-03-10 09:50:16'),(19,'Ciagnik naprawa',270.00000000,'2017-03-10 09:50:29'),(20,'Stanowiska owso zerne',100.00000000,'2017-03-11 22:54:55'),(21,'Buraki marchew',60.00000000,'2017-03-13 22:15:13'),(22,'Sruba rzumska ciagnik',59.90000000,'2017-03-13 22:15:28'),(23,'Suprofos 400 kg/2.5 ha Napena',458.00000000,'2017-03-19 22:11:59'),(24,'Koza Klara',200.00000000,'2017-03-19 22:13:01'),(26,'Wiaderko',7.00000000,'2017-03-20 22:03:19'),(28,'Owies 120 kg Magiera',75.00000000,'2017-03-30 20:31:09'),(35,'Wieczka 100 szt.',10.27000000,'2017-03-31 10:01:58'),(42,NULL,1.00000000,'2017-03-31 20:37:51'),(43,NULL,59.00000000,'2017-03-31 20:39:41'),(46,'Dezynfekcja sucha 10 kg',39.99000000,'2017-04-07 20:21:43'),(47,'Obornik+bielenie',350.00000000,'2017-04-11 19:56:48'),(48,'Sanepid badanie',80.00000000,'2017-04-26 14:43:47'),(49,'Weterynarz Klara',98.00000000,'2017-04-26 14:44:11'),(50,'Przyprawy i dodatki',20.00000000,'2017-04-30 18:05:25'),(51,'Zrębki i in.',96.00000000,'2017-05-03 14:07:57'),(58,'Wędzarnia',1100.00000000,'2017-05-09 22:00:00'),(59,'Owies 400 kg',280.00000000,'2017-05-21 07:52:41'),(60,'CJ',48.00000000,'2017-05-29 10:24:47'),(64,'Koziol',200.00000000,'2017-06-10 18:03:23'),(69,'Weterynarz',98.00000000,'2017-06-16 16:26:40'),(73,'weterynarz',80.00000000,'2017-06-26 22:00:00'),(74,'Weterynarz',60.00000000,'2017-06-27 19:25:14'),(75,'Siano 250 kostek',1000.00000000,'2017-06-27 19:25:21'),(76,'Siano od nas 167',450.00000000,'2017-06-27 19:25:56'),(77,'Paliwo',80.00000000,'2017-06-28 21:29:22'),(78,'Weterynarz',60.00000000,'2017-06-30 21:04:01'),(79,'Wykoszenie pastwisk',100.00000000,'2017-06-30 21:04:13'),(80,'Weterynarz',150.00000000,'2017-07-02 07:29:26'),(81,'Weterynarz',268.00000000,'2017-07-19 17:10:21'),(82,'Mateusz',500.00000000,'2017-07-19 17:10:42'),(83,'Owies',100.00000000,'2017-07-19 17:10:53'),(84,'Przyprawa',6.10000000,'2017-07-24 12:21:03'),(85,'Pszenica',90.00000000,'2017-07-28 21:30:09'),(86,'Pasza dla kur',57.00000000,'2017-08-11 12:41:31'),(87,'Paliki do pastucha 30 szt plastik',108.00000000,'2017-08-13 20:11:03'),(88,'Paliki drewniane',120.00000000,'2017-08-13 20:11:26'),(89,'Owies 600 kg',300.00000000,'2017-08-13 21:46:24'),(90,'Pszenica śrutowana',150.00000000,'2017-08-19 13:06:41'),(91,'Obornik wywózka',310.00000000,'2017-10-08 18:59:05'),(92,'Kolczyki,kolczykownica',109.00000000,'2017-11-03 21:54:17'),(93,'Filtry 200 szt.',13.98000000,'2017-11-09 22:47:44'),(94,'Buraki 100 kg',25.00000000,'2017-12-09 06:37:53'),(95,'CJ',49.00000000,'2018-01-15 22:12:16');
/*!40000 ALTER TABLE `costs` ENABLE KEYS */;
UNLOCK TABLES;

--
-- Table structure for table `items`
--

DROP TABLE IF EXISTS `items`;
/*!40101 SET @saved_cs_client     = @@character_set_client */;
/*!40101 SET character_set_client = utf8 */;
CREATE TABLE `items` (
  `id` int(11) NOT NULL AUTO_INCREMENT,
  `name` varchar(255) NOT NULL,
  `description` text,
  PRIMARY KEY (`id`),
  UNIQUE KEY `items_name_unique` (`name`)
) ENGINE=InnoDB DEFAULT CHARSET=utf8;
/*!40101 SET character_set_client = @saved_cs_client */;

--
-- Dumping data for table `items`
--

LOCK TABLES `items` WRITE;
/*!40000 ALTER TABLE `items` DISABLE KEYS */;
/*!40000 ALTER TABLE `items` ENABLE KEYS */;
UNLOCK TABLES;

--
-- Table structure for table `milk_stats`
--

DROP TABLE IF EXISTS `milk_stats`;
/*!40101 SET @saved_cs_client     = @@character_set_client */;
/*!40101 SET character_set_client = utf8 */;
CREATE TABLE `milk_stats` (
  `id` int(11) NOT NULL AUTO_INCREMENT,
  `goats` decimal(50,2) DEFAULT NULL,
  `milk` decimal(50,2) DEFAULT NULL,
  `when` datetime DEFAULT NULL,
  PRIMARY KEY (`id`)
) ENGINE=InnoDB DEFAULT CHARSET=utf8;
/*!40101 SET character_set_client = @saved_cs_client */;

--
-- Dumping data for table `milk_stats`
--

LOCK TABLES `milk_stats` WRITE;
/*!40000 ALTER TABLE `milk_stats` DISABLE KEYS */;
/*!40000 ALTER TABLE `milk_stats` ENABLE KEYS */;
UNLOCK TABLES;

--
-- Table structure for table `products`
--

DROP TABLE IF EXISTS `products`;
/*!40101 SET @saved_cs_client     = @@character_set_client */;
/*!40101 SET character_set_client = utf8 */;
CREATE TABLE `products` (
  `id` int(11) NOT NULL AUTO_INCREMENT,
  `name` varchar(255) NOT NULL,
  `order` decimal(50,8) DEFAULT NULL,
  PRIMARY KEY (`id`)
) ENGINE=InnoDB AUTO_INCREMENT=11 DEFAULT CHARSET=utf8;
/*!40101 SET character_set_client = @saved_cs_client */;

--
-- Dumping data for table `products`
--

LOCK TABLES `products` WRITE;
/*!40000 ALTER TABLE `products` DISABLE KEYS */;
INSERT INTO `products` VALUES (1,'Twaróg',4.00000000),(2,'Bundz',2.00000000),(3,'Mleko',5.00000000),(4,'Koryciński',6.00000000),(5,'Ricotta',3.00000000),(6,'Wędzony',7.00000000),(7,'Ser',1.00000000),(8,'Koza',8.00000000),(9,'Dofinansowanie',9.00000000),(10,'jajka',10.00000000);
/*!40000 ALTER TABLE `products` ENABLE KEYS */;
UNLOCK TABLES;

--
-- Table structure for table `sales`
--

DROP TABLE IF EXISTS `sales`;
/*!40101 SET @saved_cs_client     = @@character_set_client */;
/*!40101 SET character_set_client = utf8 */;
CREATE TABLE `sales` (
  `id` int(11) NOT NULL AUTO_INCREMENT,
  `clientId` int(11) DEFAULT NULL,
  `productId` int(11) DEFAULT NULL,
  `price` decimal(50,8) DEFAULT NULL,
  `date` datetime DEFAULT NULL,
  `paid` bit(1) DEFAULT NULL,
  PRIMARY KEY (`id`),
  KEY `clients_client_id_bkname_id` (`clientId`),
  KEY `products_product_id_bkname_id` (`productId`),
  CONSTRAINT `clients_client_id_bkname_id` FOREIGN KEY (`clientId`) REFERENCES `clients` (`id`) ON DELETE CASCADE ON UPDATE CASCADE,
  CONSTRAINT `products_product_id_bkname_id` FOREIGN KEY (`productId`) REFERENCES `products` (`id`) ON DELETE CASCADE ON UPDATE CASCADE
) ENGINE=InnoDB AUTO_INCREMENT=193 DEFAULT CHARSET=utf8;
/*!40101 SET character_set_client = @saved_cs_client */;

--
-- Dumping data for table `sales`
--

LOCK TABLES `sales` WRITE;
/*!40000 ALTER TABLE `sales` DISABLE KEYS */;
INSERT INTO `sales` VALUES (33,2,2,35.00000000,'2017-03-08 14:28:54',''),(34,4,5,7.00000000,'2017-03-08 14:29:20','\0'),(35,13,7,66.50000000,'2017-03-14 15:14:59',''),(36,12,2,14.00000000,'2017-03-15 07:02:09','\0'),(37,2,2,33.00000000,'2017-03-15 07:02:30',''),(38,11,7,16.00000000,'2017-03-15 20:51:30',''),(39,13,2,7.50000000,'2017-03-16 13:53:30',''),(40,13,7,35.00000000,'2017-03-16 13:53:52',''),(41,10,2,39.50000000,'2017-03-17 08:43:25',''),(42,9,2,33.00000000,'2017-03-17 08:43:40',''),(43,9,7,17.50000000,'2017-03-17 08:44:00',''),(44,NULL,8,200.00000000,'2017-03-20 21:50:25',''),(45,NULL,9,562.06000000,'2017-03-20 21:54:25',''),(46,5,7,29.00000000,'2017-03-21 11:32:59',''),(47,13,7,63.00000000,'2017-03-21 20:27:29',''),(48,5,7,29.00000000,'2017-03-21 20:29:46',''),(49,6,2,14.50000000,'2017-03-21 20:30:07',''),(50,13,7,45.00000000,'2017-03-21 20:30:41','\0'),(51,13,3,8.00000000,'2017-03-22 15:30:35',''),(52,NULL,9,836.99000000,'2017-03-22 21:41:37',''),(53,2,2,37.50000000,'2017-03-24 06:46:56',''),(54,9,2,30.50000000,'2017-03-24 06:47:09',''),(55,13,7,20.00000000,'2017-03-24 06:48:29',''),(56,6,5,7.50000000,'2017-03-24 06:49:02','\0'),(57,4,5,7.50000000,'2017-03-25 22:26:57','\0'),(58,11,2,11.50000000,'2017-03-25 22:27:36',''),(59,13,8,250.00000000,'2017-03-28 19:47:26',''),(60,13,2,22.00000000,'2017-03-29 10:13:30',''),(61,5,7,24.50000000,'2017-03-29 10:13:43',''),(62,13,7,59.00000000,'2017-03-29 10:14:00',''),(63,2,2,53.00000000,'2017-03-30 11:20:50',''),(64,NULL,8,250.00000000,'2017-03-31 07:19:11',''),(65,9,2,32.00000000,'2017-03-31 07:19:23',''),(66,12,1,16.50000000,'2017-04-01 07:20:58','\0'),(67,12,7,14.50000000,'2017-04-01 07:21:19','\0'),(68,13,2,40.00000000,'2017-04-01 12:35:05',''),(69,12,2,12.00000000,'2017-04-01 12:42:25','\0'),(70,9,7,48.00000000,'2017-04-01 22:57:15',''),(71,5,2,15.00000000,'2017-04-04 14:11:17',''),(72,10,2,33.00000000,'2017-04-04 14:11:31',''),(73,9,5,19.50000000,'2017-04-04 21:36:01',''),(74,2,2,42.00000000,'2017-04-04 21:36:19',''),(75,13,7,154.50000000,'2017-04-07 12:36:04',''),(76,6,2,34.00000000,'2017-04-11 19:56:08','\0'),(77,2,2,39.00000000,'2017-04-11 20:47:39',''),(78,13,7,151.00000000,'2017-04-12 10:37:51',''),(79,13,7,260.00000000,'2017-04-14 20:27:50',''),(80,7,7,35.00000000,'2017-04-18 16:11:00',''),(81,13,2,24.00000000,'2017-04-19 11:46:49',''),(82,2,2,28.00000000,'2017-04-20 06:04:29',''),(83,12,7,21.00000000,'2017-04-20 06:04:39','\0'),(84,13,7,163.50000000,'2017-04-20 11:25:34',''),(85,13,7,98.50000000,'2017-04-21 12:30:56',''),(86,9,2,14.00000000,'2017-04-21 12:31:12','\0'),(87,13,7,233.00000000,'2017-04-25 13:43:03',''),(88,13,10,36.00000000,'2017-04-25 13:44:20',''),(89,13,7,74.00000000,'2017-04-26 21:11:07',''),(90,13,7,37.00000000,'2017-04-26 21:11:32',''),(91,2,2,20.00000000,'2017-04-26 21:11:46','\0'),(92,13,7,65.00000000,'2017-04-27 09:59:49',''),(93,13,7,197.50000000,'2017-04-28 10:43:44',''),(94,7,2,26.50000000,'2017-05-03 14:07:12',''),(95,4,10,14.00000000,'2017-05-03 14:07:25',''),(96,13,2,25.50000000,'2017-05-03 17:19:28',''),(97,NULL,8,250.00000000,'2017-05-04 08:54:23',''),(98,13,7,69.00000000,'2017-05-04 16:01:35',''),(99,13,7,138.00000000,'2017-05-05 16:21:20',''),(100,13,7,130.00000000,'2017-05-10 22:01:40',''),(101,13,7,395.50000000,'2017-05-12 14:04:05',''),(102,6,10,27.00000000,'2017-05-12 14:08:00','\0'),(103,13,7,22.50000000,'2017-05-16 17:46:56',''),(104,7,2,52.00000000,'2017-05-16 17:47:17',''),(105,13,8,500.00000000,'2017-05-16 17:47:55',''),(106,13,8,180.00000000,'2017-05-16 17:48:05',''),(107,13,8,230.00000000,'2017-05-16 17:48:21',''),(109,13,8,480.00000000,'2017-05-16 17:48:50',''),(110,13,3,60.00000000,'2017-05-16 17:52:26',''),(111,13,7,86.50000000,'2017-05-19 08:23:39',''),(112,13,7,89.50000000,'2017-05-20 12:50:54',''),(113,5,7,31.00000000,'2017-05-29 10:24:23',''),(114,4,10,14.00000000,'2017-05-29 20:52:06',''),(115,13,7,393.50000000,'2017-06-01 10:11:47',''),(116,4,10,14.00000000,'2017-06-01 10:12:02',''),(117,13,7,10.00000000,'2017-06-01 10:57:35',''),(118,2,7,33.00000000,'2017-06-01 13:20:02',''),(119,13,5,13.50000000,'2017-06-01 13:45:39',''),(120,13,7,160.00000000,'2017-06-02 12:55:25',''),(121,13,8,100.00000000,'2017-06-03 12:11:17',''),(122,13,3,6.00000000,'2017-06-04 16:54:47',''),(123,13,8,320.00000000,'2017-06-08 15:54:44',''),(124,13,3,24.00000000,'2017-06-08 15:55:03',''),(125,13,3,8.00000000,'2017-06-08 15:55:52',''),(126,13,7,278.50000000,'2017-06-09 13:18:31',''),(127,13,8,350.00000000,'2017-06-09 15:11:46',''),(128,13,8,120.00000000,'2017-06-09 15:12:18',''),(129,13,3,16.00000000,'2017-06-09 15:12:38',''),(130,9,7,14.50000000,'2017-06-10 18:03:00',''),(131,13,7,150.50000000,'2017-06-14 13:57:02',''),(132,13,3,12.00000000,'2017-06-14 22:07:15',''),(133,13,1,30.00000000,'2017-06-16 12:35:16',''),(134,13,3,16.00000000,'2017-06-16 16:26:03',''),(135,4,10,14.00000000,'2017-06-19 11:22:41',''),(136,13,3,16.00000000,'2017-06-19 11:22:53',''),(137,13,7,34.00000000,'2017-06-22 20:06:19',''),(138,13,3,32.00000000,'2017-06-25 09:19:44',''),(139,6,10,14.00000000,'2017-06-25 09:19:55','\0'),(140,6,10,12.00000000,'2017-06-27 19:24:56','\0'),(141,13,3,24.00000000,'2017-06-27 19:27:08','\0'),(142,13,7,108.00000000,'2017-06-28 21:28:57',''),(143,13,7,150.00000000,'2017-06-29 15:21:25',''),(144,11,7,14.50000000,'2017-06-30 10:50:18','\0'),(145,6,10,10.00000000,'2017-07-19 17:04:20','\0'),(146,13,10,17.00000000,'2017-07-19 17:05:34','\0'),(147,13,3,370.00000000,'2017-07-19 17:05:49',''),(148,13,7,16.00000000,'2017-07-24 12:18:16',''),(149,13,7,158.00000000,'2017-07-24 12:18:29',''),(150,13,5,16.00000000,'2017-07-26 18:20:21',''),(151,13,7,197.00000000,'2017-07-28 21:29:51',''),(152,13,1,32.00000000,'2017-08-03 07:17:43',''),(153,8,7,31.00000000,'2017-08-03 12:25:17',''),(154,13,7,106.00000000,'2017-08-03 13:10:52',''),(155,13,7,213.00000000,'2017-08-04 11:55:09',''),(156,13,7,50.00000000,'2017-08-08 18:47:33',''),(157,13,7,230.00000000,'2017-08-10 18:05:15',''),(158,13,7,243.50000000,'2017-08-11 12:41:29',''),(159,13,7,12.00000000,'2017-08-11 13:55:10',''),(160,13,7,153.00000000,'2017-08-18 11:02:03',''),(161,13,7,55.00000000,'2017-08-25 08:01:12',''),(162,13,7,348.00000000,'2017-08-25 15:44:51',''),(163,13,7,35.00000000,'2017-08-27 16:19:45',''),(164,13,7,11.00000000,'2017-08-28 18:20:04',''),(165,13,7,12.00000000,'2017-08-30 22:30:11',''),(166,13,6,10.00000000,'2017-08-30 22:30:20',''),(167,13,6,12.00000000,'2017-08-30 22:30:32',''),(168,13,7,17.00000000,'2017-08-30 22:30:40',''),(169,13,7,20.00000000,'2017-08-31 15:56:05',''),(170,13,7,259.50000000,'2017-09-01 13:50:28',''),(171,13,7,503.00000000,'2017-09-08 10:26:20',''),(172,13,7,161.50000000,'2017-09-23 07:32:05',''),(173,13,7,211.00000000,'2017-09-23 07:32:18',''),(174,2,7,35.00000000,'2017-09-26 14:57:50',''),(175,13,7,26.00000000,'2017-09-26 14:57:58',''),(176,13,7,270.50000000,'2017-09-29 13:04:47',''),(177,13,7,164.00000000,'2017-10-08 20:58:15',''),(178,13,7,57.50000000,'2017-10-11 13:12:59',''),(179,13,7,30.00000000,'2017-10-11 13:13:12',''),(180,13,7,336.00000000,'2017-10-13 19:07:17',''),(181,11,7,15.00000000,'2017-10-14 17:54:12',''),(182,13,7,306.00000000,'2017-10-23 22:08:28',''),(183,13,10,40.00000000,'2017-10-23 22:08:39',''),(184,13,10,7.00000000,'2017-10-23 22:08:53',''),(185,13,7,202.00000000,'2017-10-28 07:10:58',''),(186,13,7,344.00000000,'2017-11-03 21:53:45',''),(187,13,7,81.50000000,'2017-11-09 22:46:25',''),(188,13,7,148.50000000,'2017-11-19 09:38:17',''),(189,13,10,21.00000000,'2017-11-20 19:36:33',''),(190,NULL,9,2437.22000000,'2017-11-23 10:20:04',''),(191,13,7,150.00000000,'2017-11-27 11:25:56',''),(192,13,7,82.00000000,'2017-12-09 06:45:02','');
/*!40000 ALTER TABLE `sales` ENABLE KEYS */;
UNLOCK TABLES;

--
-- Table structure for table `users`
--

DROP TABLE IF EXISTS `users`;
/*!40101 SET @saved_cs_client     = @@character_set_client */;
/*!40101 SET character_set_client = utf8 */;
CREATE TABLE `users` (
  `id` int(11) NOT NULL AUTO_INCREMENT,
  `email` varchar(255) DEFAULT NULL,
  `firstName` varchar(255) DEFAULT NULL,
  `lastName` varchar(255) DEFAULT NULL,
  PRIMARY KEY (`id`)
) ENGINE=InnoDB AUTO_INCREMENT=2 DEFAULT CHARSET=utf8;
/*!40101 SET character_set_client = @saved_cs_client */;

--
-- Dumping data for table `users`
--

LOCK TABLES `users` WRITE;
/*!40000 ALTER TABLE `users` DISABLE KEYS */;
INSERT INTO `users` VALUES (1,'jrsokolow@gmail.com','jrsokolow','jrsokolow');
/*!40000 ALTER TABLE `users` ENABLE KEYS */;
UNLOCK TABLES;
/*!40103 SET TIME_ZONE=@OLD_TIME_ZONE */;

/*!40101 SET SQL_MODE=@OLD_SQL_MODE */;
/*!40014 SET FOREIGN_KEY_CHECKS=@OLD_FOREIGN_KEY_CHECKS */;
/*!40014 SET UNIQUE_CHECKS=@OLD_UNIQUE_CHECKS */;
/*!40101 SET CHARACTER_SET_CLIENT=@OLD_CHARACTER_SET_CLIENT */;
/*!40101 SET CHARACTER_SET_RESULTS=@OLD_CHARACTER_SET_RESULTS */;
/*!40101 SET COLLATION_CONNECTION=@OLD_COLLATION_CONNECTION */;
/*!40111 SET SQL_NOTES=@OLD_SQL_NOTES */;

-- Dump completed on 2018-02-01 21:57:22
